xz,sheng,shi,qu
黎里镇,江苏省,苏州市,吴江区
盛泽镇,江苏省,苏州市,吴江区
七都镇,江苏省,苏州市,吴江区
桃源镇,江苏省,苏州市,吴江区
震泽镇,江苏省,苏州市,吴江区
平望镇,江苏省,苏州市,吴江区
同里镇,江苏省,苏州市,吴江区
松陵街道,江苏省,苏州市,吴江区
江陵街道,江苏省,苏州市,吴江区
横扇街道,江苏省,苏州市,吴江区
八坼街道,江苏省,苏州市,吴江区
白洋湾街道,江苏省,苏州市,姑苏区
平江街道,江苏省,苏州市,姑苏区
金阊街道,江苏省,苏州市,姑苏区
沧浪街道,江苏省,苏州市,姑苏区
双塔街道,江苏省,苏州市,姑苏区
虎丘街道,江苏省,苏州市,姑苏区
苏锦街道,江苏省,苏州市,姑苏区
吴门桥街道,江苏省,苏州市,姑苏区
浒墅关镇,江苏省,苏州市,虎丘区
通安镇,江苏省,苏州市,虎丘区
狮山街道,江苏省,苏州市,虎丘区
横塘街道,江苏省,苏州市,虎丘区
枫桥街道,江苏省,苏州市,虎丘区
东渚街道,江苏省,苏州市,虎丘区
苏苑街道,江苏省,苏州市,吴中区
香山街道,江苏省,苏州市,吴中区
城南街道,江苏省,苏州市,吴中区
胥口镇,江苏省,苏州市,吴中区
郭巷镇,江苏省,苏州市,吴中区
东山镇,江苏省,苏州市,吴中区
木渎镇,江苏省,苏州市,吴中区
光福镇,江苏省,苏州市,吴中区
甪直镇,江苏省,苏州市,吴中区
渡村镇,江苏省,苏州市,吴中区
藏书镇,江苏省,苏州市,吴中区
横泾镇,江苏省,苏州市,吴中区
浦庄镇,江苏省,苏州市,吴中区
元和街道,江苏省,苏州市,相城区
黄桥街道,江苏省,苏州市,相城区
太平街道,江苏省,苏州市,相城区
北桥街道,江苏省,苏州市,相城区
漕湖街道,江苏省,苏州市,相城区
北河泾街道,江苏省,苏州市,相城区
澄阳街道,江苏省,苏州市,相城区
渭塘镇,江苏省,苏州市,相城区
阳澄湖镇,江苏省,苏州市,相城区
黄埭镇,江苏省,苏州市,相城区
望亭镇,江苏省,苏州市,相城区
虞山镇,江苏省,苏州市,常熟市
梅李镇,江苏省,苏州市,常熟市
海虞镇,江苏省,苏州市,常熟市
古里镇,江苏省,苏州市,常熟市
沙家浜镇,江苏省,苏州市,常熟市
支塘镇,江苏省,苏州市,常熟市
董浜镇,江苏省,苏州市,常熟市
尚湖镇,江苏省,苏州市,常熟市
辛庄镇,江苏省,苏州市,常熟市
虞山街道,江苏省,苏州市,常熟市
琴川街道,江苏省,苏州市,常熟市
莫城街道,江苏省,苏州市,常熟市
常福街道,江苏省,苏州市,常熟市
东南街道,江苏省,苏州市,常熟市
碧溪新区,江苏省,苏州市,常熟市
杨舍镇,江苏省,苏州市,张家港市
塘桥镇,江苏省,苏州市,张家港市
金港镇,江苏省,苏州市,张家港市
锦丰镇,江苏省,苏州市,张家港市
乐余镇,江苏省,苏州市,张家港市
凤凰镇,江苏省,苏州市,张家港市
南丰镇,江苏省,苏州市,张家港市
大新镇,江苏省,苏州市,张家港市
玉山镇,江苏省,苏州市,昆山市
巴城镇,江苏省,苏州市,昆山市
花桥镇,江苏省,苏州市,昆山市
周市镇,江苏省,苏州市,昆山市
千灯镇,江苏省,苏州市,昆山市
陆家镇,江苏省,苏州市,昆山市
张浦镇,江苏省,苏州市,昆山市
周庄镇,江苏省,苏州市,昆山市
锦溪镇,江苏省,苏州市,昆山市
淀山湖镇,江苏省,苏州市,昆山市
城厢镇,江苏省,苏州市,太仓市
浏河镇,江苏省,苏州市,太仓市
浮桥镇,江苏省,苏州市,太仓市
沙溪镇,江苏省,苏州市,太仓市
璜泾镇,江苏省,苏州市,太仓市
双凤镇,江苏省,苏州市,太仓市